alpha sequence,beta sequence
CAAEDGGSGNKLIF,CASSWDRAGNTLYF
CAAGDNNRIFF,CASSRANYEQYF
CAAGDTNKVVF,CASSRANYEQYF
CAAGGNYKPTF,CASSRANYEQYF
CAASDDNRIFF,CASSRANYEQYF
CAGGGNYKPTF,CASSRANYEQYF
CASGGNYKPTF,CASSRANYEQYF
CAAEASNTNKVVF,CASSLNNANSDYTF
CAADSSNTGYQNFYF,CASSLTDPLDSDYTF
CAAGDSGGSNYKLTF,CASASWGGYAEQFF
CAALRATGGNNKLTF,CASSLNWSQDTQYF
CAASASFGDNSKLIW,CASSLGHTEVFF
CAASRDSGQKLVF,CASGDFWGDTLYF
CAVSGGTNSAGNKLTF,CASSRDWGPAEQFF
CAVSGNYAQGLTF,CASSQDSAETLYF
CAMRGSGGSNAKLTF,CASSGGANTGQLYF
CAVSNNYAQGLTF,CASSQDSAETLYF
CAMRVSGGSNAKLTF,CASSGGANTGQLYF
CAASRGSNNRIFF,CASSIGGEVFF
CAVGNNYAQGLTF,CASSRDSAETLYF
CILRVGATGGNNKLTF,CASSLDRGEVFF
CATRTGGYKVVF,CASSPGPSSYEQYF
CAVSGNYAQGLTF,CASSGDSAETLYF
CVLSASSNNRIFF,CASSLARDEQYF
CAMRVSGGSNAKLTF,CASSGGSNTGQLYF
CAVSDNYAQGLTF,CASSSDSAETLYF
CAVSTNYAQGLTF,CASSRDSAETLYF
CAVSANYAQGLTF,CASGGSSAETLYF
CAASKGSNNRIFF,CASSIGDEQYF
CAVSHNYAQGLTF,CASGGDSAETLYF
CAVSGNYAQGLTF,CASSRDSAETLYF
CALVPSNTNKVVF,CASSLGGYEQYF
CALGEGSNYQLIW,CASSSYEQYF
CAMRGNSGTYQRF,CASSGGANTGQLYF
CALGEGSNYQLIW,CASSSGTEVFF
CAVSGNYAQGLTF,CASSSDSAETLYF
CAVSANYNVLYF,CASSRDSAETLYF
CAVSSNYAQGLTF,CASSRDSAETLYF
CAVSANYAQGLTF,CASGGLDSAETLYF
CAMREGKGGGSNYKLTF,CASSQDLGGVYEQYF
CAVSSNYAQGLTF,CASMGTSAETLYF
CAVSANYAQGLTF,CASGEDSAETLYF
CAASRGSNNRIFF,CASSIGDEQYF
CAMREGKGGGSNYKLTF,CASSQDLGGRYEQYF
CAMRGSGGSNAKLTF,CASSGGSNTGQLYF
CAASRGSNNRIFF,CASSIGNEQYF
CAVSANYAQGLTF,CASSPDSAETLYF
CAMRANSGTYQRF,CASSGGSNTGQLYF
CALGDRGTGNYKYVF,CASSLDRGEVFF
CALGDRATGGNNKLTF,CASSPDRGEVFF
CAVSNNYAQGLTF,CASSGDSAETLYF
CAMREGRAQGLTF,CASSGGANTGQLYF
CAMRGKGNNYAQGLTF,CASSIVGGGAETLYF
CAMREAGGSNAKLTF,CASSGGSNTGQLYF
CILRVGATGGNNKLTF,CASSLDRAEVFF
CAVSGNYAQGLTF,CASSFRDSAETLYF
CAMRVSGGSNAKLTF,CASSGGGNTGQLYF
CALSRTGGYKVVF,CASSWGDEQYF
CALVPSNTNKVVF,CASSLSGFEQYF
CAVSVNYAQGLTF,CASSADSAETLYF
CALRGDSNYQLIW,CASSFGTGNYAEQFF
CAVSDNYAQGLTF,CTCSGRDSAETLYF
CATDTGNYKYVF,CASSPGDYAEQFF
CAAMLASSGSWQLIF,CASSHDRRNSYNSPLYF
CAVSYNYAQGLTF,CASSGDSAETLYF
CALSASNTNKVVF,CASSMGAEQFF
CILSGGSNYKLTF,CASSEGREQYF
CAVSDNYAQGLTF,CAWSLEDSAETLYF
CAVSANYAQGLTF,CASSGRDSAETLYF
CAVSDNYAQGLTF,CAWSPDSAETLYF
CAVSANYAQGLTF,CASSGGDSAETLYF
CAVSDNNRIFF,CASSSDSAETLYF
CAVSANYAQGLTF,CASSDDSAETLYF
CAVSANYAQGLTF,CASSGSSAETLYF
CAVSDNYAQGLTF,CGARDGGGEVFF
CAVSDNYAQGLTF,CTCSGDSAETLYF
CAVSDNYAQGLTF,CTCSGLDSAETLYF
CAVSANYAQGLTF,CASRMESSAETLYF
CAVSDNYQLIW,CASSFADSAETLYF
CAVSANYAQGLTF,CASRGTDSAETLYF
CAVSDNYAQGLTF,CAWRKLGGGEAEQFF
CAVSANYAQGLTF,CASSYSSAETLYF
CAVSDNYAQGLTF,CASSTESAETLYF
CAVSANYNVLYF,CASGGDSSAETLYF
CAVSANYAQGLTF,CASRGQTSAETLYF
CAVSAVTASLGKLQF,CASSLSNGGLDTQYF
CAVSDNYAQGLTF,CACGGTDSAETLYF
CAVSDNYAQGLTF,CASNPVDSAETLYF
CAVSDNYAQGLTF,CASRPTTSAETLYF
CAVSASGGYKVVF,CASSELGGQGEQYF
CAVSDNYAQGLTF,CASSFQDSAETLYF
CAVSDNYAQGLTF,CASSSDSAETRYF
CAVSDNYAQGLTF,CASSGSSAETLYF
CAVSDNYAQGLTF,CASSPPDSAETLYF
CAVSDNYAQGLTF,CASSQDSAETLYF
CAVSANYAQGLTF,CASTAGDSAETLYF
CAVSANYAQGLTF,CASSRDSAETLYF
CAVSANYAQGLTF,CASSPPTDSAETLYF
CAAATGNTGKLIF,CASSPRVFNQAPLF
CAVSANNYAQGLTF,CARRQGSAETLYF
CAVSANYAQGLTF,CASNPGQSAETLYF
CAVSANYAQGLTF,CASMTGDSAETLYF
CAVNSNYQLIW,CASSPDSAETLYF
CAVNSNYQLIW,CASSKDSAETLYF
CAVNPGYQNFYF,CASSQDRRNSYNSPLYF
CAVNHNYAQGLTF,CASSPPDSAETLYF
CAVMSNYAQGLTF,CASSIGSEQFF
CAVLSNYAQGLTF,CASSQDRRNSYNSPLYF
CAVLNNYAQGLTF,CASSNLEAEQFF
CAVKSAGNKLTF,CASSLGDEQYF
CAVITSNMGYKLTF,CAWSHTGGARNTLYF
CAVGSNYQLIW,CASSRDSAETLYF
CAVGNNYAQGLTF,CASSGDSAETLYF
CAVDYNQGKLIF,CASSPLGGRRDTQYF
CAVDTGNYKYVF,CASSPGDYAEQFF
CAVAYQGGRALIF,CASSQDRRNSYNSPLYF
CAVANSNNRIFF,CASSIDTGGFYEQYF
CATSYAQGLTF,CASSIDTGGTSYEQYF
CATSSGSWQLIF,CASSPGDTGQLYF
CATPDQGGRALIF,CASSMGQGWEQYF
CATHDSGYNKLTF,CASSQGSNERLFF
CATGYGSSGNKLIF,CASRDWESSYEQYF
CATGDQGGRALIF,CASSPGQTYEQYF
CATDYQGGRALIF,CASSQEDTSNERLFF
CATDTGNYKYVF,CASSLGDYAEQFF
CAVNSNYQLIW,CASSPPDSAETLYF
CAVNSNYQLIW,CASSRDSAETLYF
CAVNSNYQLIW,CASSWESAETLYF
CAVRNYNQGKLIF,CASSSWGGLSQNTLYF
CAVSANYAQGLTF,CASGGQESAETLYF
CAVSANYAQGLTF,CANSFDSAETLYF
CAVSANSNNRIFF,CASSGESAETLYF
CAVSANNYAQGLTF,CATRQGSAETLYF
CAVSANNYAQGLTF,CASSGESAETLYF
CAVSANNYAQGLTF,CASRGTDSAETLYF
CAVSDVGNEKITF,CASSGQGAPNSDYTF
CAVSAGGNYKYVF,CASTQGGAPLF
CAVSAGGGRALIF,CASSGTGGHERLFF
CAVRVYGSSGNKLIF,CTCSADWRNSYNSPLYF
CAVRNRIFF,CASSGGQGNSPLYF
CAVNYNVLYF,CASGTGENSDYTF
CAVRHTGGLSGKLTF,CASSADSAETLYF
CAVRHNSGGSNAKLTF,CASSQARNTEVFF
CAVRGTNAYKVIF,CASADNYNSPLYF
CAVRGSALGRLHF,CGARDRDWGQNTLYF
CAVRAYGSSGNKLIF,CASSSPRDSAETLYF
CAVRAYGSSGNKLIF,CASSSDSAETLYF
CAVRAYGSSGNKLIF,CASSIGSEQYF
CAVRAYGSSGNKLIF,CASSGGSNTGQLYF
CAVRAYGSSGNKLIF,CASSATSAETLYF
CAVPNPSGSWQLIF,CASSPGDYAEQFF
CAVSDNYQLIW,CASSLDSAETLYF
CAVSGDYQLIW,CASRRDSAETLYF
CAVSDYNYAQGLTF,CASSGDSAETLYF
CAVSSNYQLIW,CASSRSSAETLYF
CAVTSYQGGRALIF,CASSDARTTEVFF
CAVTLNYAQGLTF,CASSPDSAETLYF
CAVTHNYAQGLTF,CASSRDSAETLYF
CAVTEGADRLTF,CASSGLNSDYTF
CAVSVNYAQGLTF,CASDWGDSAETLYF
CAVSTNYAQGLTF,CAWTGTSAETLYF
CAVSTNYAQGLTF,CASSQDSAETLYF
CAVSTNYAQGLTF,CASSPDSAETLYF
CAVSTNYAQGLTF,CASSGNSAETLYF
CAVSTNYAQGLTF,CASRGTTSAETLYF
CAVSTNAYKVIF,CASSGDSAETLYF
CAVSSNYQLIW,CASSFTSSAETLYF
CAVSNNYAQGLTF,CASSLDSAETLYF
CAVSSNYQLIW,CASRYNERLFF
CAVSSNYNVLYF,CASSGNSAETLYF
CAVSSNYAQGLTF,CAWTHLSNERLFF
CAVSSNYAQGLTF,CASSSDSAETLYF
CAVSRNYAQGLTF,CASRGDSAETLYF
CAVSRNTEGADRLTF,CTCSAANTGQLYF
CAVSPLASSSFSKLVF,CASSLSGEGNTEVFF
CAVSPGSNYQLIW,CGDGTGGNTLYF
CAVSPATGGNNKLTF,CTCSADYRNSYNSPLYF
CAVSNTGYQNFYF,CASGQDRRNSYNSPLYF
CAVSNNYAQGLTF,CASSRDSAETLYF
CAVWANAYKVIF,CASSHSRGQVDTQYF
CILMEGATGGNNKLTF,CASSPDRGEQYF
CILNGGSNYKLTF,CASSFGQAPLF
CILREGATGGNNKLTF,CASSLDRGGLFF
CVLSLDSNYQLIW,CASSGGAEVFF
CVLSGGSNYKLTF,CASSFGGAPLF
CVLSASSNNRIFF,CASSRARDEQYF
CVLSARTEGADRLTF,CASSRLGDSYEQYF
CVLSARTEGADRLTF,CASSQQQDSYEQYF
CVLSARNNRIFF,CASSISLRQFSAETLYF
CVLSARLQNTEGADRLTF,CASSFTGDTEVFF
CVLSAGNTNKVVF,CASSFGERLFF
CVLSAASNNRIFF,CASSLARDTQYF
CVLRSSNTNKVVF,CASSWGGRSSDYTF
CVLGYNTNTGKLTF,CASTGGYEQYF
CVLGTTASLGKLQF,CASSIATTDNYEQYF
CVLGPSSNYQLIW,CASSFGQAPLF
CVGNSNYQLIW,CAWTGGQDTQYF
CVCYSGGSNYKLTF,CASSLGGGVFF
CIVTEAHRGSALGRLHF,CASSDAREDTQYF
CIVTDDNYAQGLTF,CASSGGQGNYAEQFF
CILSRGSNYKLTF,CASSQGREQYF
CILSGGSNYKLTF,CASSWGSEQYF
CILSGGSNYKLTF,CASSFGREQYF
CILRVGATGGNNKLTF,CASSPDRGRLFF
CILRVGATGGNNKLTF,CASSPDRGQVFF
CILRVGATGGNNKLTF,CASSPDRGEVFF
CAVSNNYAQGLTF,CASSQESAETLYF
CAVSNNYAQGLTF,CASSHDSAETLYF
CAVSENYAQGLTF,CASGGDSAETLYF
CAVSGNYAQGLTF,CACGGTDSAETLYF
CAVSGNYAQGLTF,CAWTGSSAETLYF
CAVSGNYAQGLTF,CASSTGSAETLYF
CAVSGNYAQGLTF,CASSLPDSQDTQYF
CAVSGNYAQGLTF,CASSGTDSAETLYF
CAVSGNYAQGLTF,CASSGNSAETLYF
CAVSGNYAQGLTF,CASSGDSSAETLYF
CAVSGNYAQGLTF,CASRPGTDSAETLYF
CAVSGNYAQGLTF,CASRGQSSAETLYF
CAVSGNYAQGLTF,CASMSGSAETLYF
CAVSGNYAQGLTF,CASGGRDSAETLYF
CAVSGNYAQGLTF,CASGGDSSAETLYF
CAVSGGATGGNNKLTF,CASSPDRGALYF
CAVSNNYAQGLTF,CASSGLDSAETLYF
CATDRDSNYQLIW,CASSMGTGVYEQYF
CAVSGDSNYQLIW,CASSLKGTEVFF
CAVSFTGGNNKLTF,CASSPTGGDAETLYF
CAVSFNYAQGLTF,CASSRDSDERLFF
CAVSFNNNNAPRF,CASSGDSAETLYF
CAVSFASSGSWQLIF,CASSQDRRNSYNSPLYF
CAVSETMGYKLTF,CASSPDAEQFF
CAVSETGNTGKLIF,CASSLQNSDYTF
CAVSENYNVLYF,CASSPDSAETLYF
CAVSENYAQGLTF,CASSRDSAETLYF
CAVSENYAQGLTF,CASSGDSAETLYF
CAVSGNYAQGLTF,CGARDGGDSAETLYF
CAVSGNYAQGLTF,CSSSWSSAETLYF
CAVSGNYQLIW,CASGDTSAETLYF
CAVSGNYQLIW,CASGGGSNERLFF
CAVSNNYAQGLTF,CASSGESAETLYF
CAVSNNYAQGLTF,CASGGESAETLYF
CAVSNNYAQGLTF,CAIRATSAETLYF
CAVSNNNNAPRF,CASSFNSAETLYF
CAVSMRNSGTYQRF,CTCSTRASNTEVFF
CAVSMPGYQNFYF,CASSLGLGSAETLYF
CAVSMGGTGSKLSF,CASSAGRGNTLYF
CAVSLTASLGKLQF,CASSPRDSAETLYF
CAVSLNYNQGKLIF,CASSGGNEQYF
CAVSLNYAQGLTF,CAWRGLDSAETLYF
CAVSLNYAQGLTF,CASSGDSAETLYF
CAVSLNTNTGKLTF,CASSLSNRGQDSDYTF
CAVSLNSNNRIFF,CASSLGTDQDTQYF
CAVSITASLGKLQF,CASSLTENQAPLF
CAVSISNYNVLYF,CASSPDWGGRYEQYF
CAVSHNYAQGLTF,CAWPSTSAETLYF
CAVSHNYAQGLTF,CASSLPDSAETLYF
CAVSHNYAQGLTF,CASSLESAETLYF
CAVSHNYAQGLTF,CASSLDSAETLYF
CAVSHNTNTGKLTF,CASSLSSRGPNSDYTF
CAVSGWNSNNRIFF,CASFTANERLFF
CAVSGSALGRLHF,CASSLLGASAETLYF
CAVSGNYQLIW,CASTPDRGQDTQYF
CATDSGSWQLIF,CASGTGEYAEQFF
CAPSSGSWQLIF,CASSSGDYAEQFF
CATDMDSNYQLIW,CASSMGANERLFF
CAFDSNYQLIW,CTCSGRTSAETLYF
CALFYGSSGNKLIF,CASSFDSYEQYF
CALERWSNNRIFF,CASSDRDRDPGNTLYF
CALCGGSNYKLTF,CASSLGGEQYF
CALAPSNYNVLYF,CASSLSGFEQYF
CALAPSNTNKVVF,CASSYGGGEQYF
CALAGGSNYKLTF,CASSSYEQYF
CAILSNYNVLYF,CASSGTGDTGQLYF
CAGSSGSWQLIF,CASSPTGGDQNTLYF
CAGQGGRALIF,CASSLFQIQDTQYF
CAGNNNNAPRF,CASSRDRVGAETLYF
CAFPTGNYKYVF,CASSKGDYAEQFF
CAENYGSSGNKLIF,CASSQDRRSSYNSPLYF
CALGAGSGNKLIF,CASSWDRGEVFF
CAEGDTNTGKLTF,CASSSGQDNYAEQFF
CAEGDSNYQLIW,CASSMGNNYAEQFF
CAAVTGNTGKLIF,CASSRGTIHSNTEVFF
CAAVPNNNNAPRF,CASEGGPNQDTQYF
CAAVMDSNYQLIW,CASSDGEQYF
CAATSNYNVLYF,CASSWDSAETLYF
CAASVGTGSNRLTF,CASSADSAETLYF
CAASSNTGYQNFYF,CASSTRGAEQFF
CAASSNMGYKLTF,CASSSPRDRGTSAETLYF
CAASSGSSGNKLIF,CASSNWGTNTGQLYF
CAASRPGTGSNRLTF,CASSETGRRTEVFF
CALGAGNYAQGLTF,CASSHDRRNSYNSPLYF
CALGAGSNYQLIW,CASSLGRGVFF
CAASRGSNNRIFF,CASSIGSEQYF
CALGGGSNYQLIW,CASSLGGEVFF
CALPYGSSGNKLIF,CASSQDPRRFSNERLFF
CALPNSNNRIFF,CASSFRDSAETLYF
CALISTASLGKLQF,CGARDHRGSQYF
CALIASSGSWQLIF,CASSGGQAPLF
CALGTGSNYQLIW,CASSSGTGDF
CALGSGGSWQLIF,CASSGPEVFF
CALGSGGNYKPTF,CASSEGEAPLF
CALGRGSNYKLTF,CASTTGTGVVFF
CALGMGATGGNNKLTF,CASSPDRGEVFF
CALGLGSNYQLIW,CASSLGGEVFF
CALGGGSNYQLIW,CASTGGEEVFF
CALGGGSNYKLTF,CASSSGGGVFF
CALGASGGNYKPTF,CASSPGTYSGNTLYF
CALGGGSNYKLTF,CASSLGGGVFF
CALGERDPNTGKLTF,CASSPDSAETLYF
CALGEGSNYQLIW,CASSSGEGVFF
CALGEGSNYQLIW,CASSGGADYTF
CALGEGGYQNFYF,CASSFAGGGAETLYF
CALGEDNTNKVVF,CTCSAGTGGYNYAEQFF
CALGDRVTGNYKYVF,CASSWDRGEQYF
CALGDRRTGNYKYVF,CASSLDRGEQYF
CALGDRGTGNYKYVF,CASSPDRGEQYF
CALGDPGGSNAKLTF,CASRGESAETLYF
CALGDGRNYQLIW,CASTSGNTLYF
CAASRGSNNRIFF,CASSWGDEQYF
CAASPRNTGYQNFYF,CASSDSKNTEVFF
CATDDYAQGLTF,CASSRGLTSAETLYF
CAAPDTNAYKVIF,CASSLPEGPTGQLYF
CAASADTNAYKVIF,CASSPGANSDYTF
CAARTEGADRLTF,CASRDSANTEVFF
CAARTASLGKLQF,CASSPGQNNSPLYF
CAARRYNQGKLIF,CASSSDSAETLYF
CAARRGNTGNYKYVF,CASSDSKNTEVFF
CAARPSNYNVLYF,CAIGSNQDTQYF
CAARNSAGNKLTF,CASSIDTGGFYEQYF
CAARINSGGSNAKLTF,CASSDHRTTEVFF
CAARGSNAKLTF,CASSDATKTEVFF
CAARGKNYNQGKLIF,CASSDHRNTEVFF
CAAPPTNAYKVIF,CASSQERGSAETLYF
CAANEGGYKLTF,CASRPDISYNSPLYF
CAASAPNTNKVVF,CASSAGYNYAEQFF
CAAMNYGSSGNKLIF,CASSQDRRNSYNSPLYF
CAAHDSGYNKLTF,CASSDDRVTNQAPLF
CAAGVYGSSGNKLIF,CASSLTDTEVFF
CAAGRTNAYKVIF,CASSLGTDEQYF
CAAGQGGSAKLIF,CTCSGGTGGYNYAEQFF
CAAGNNYAQGLTF,CASSTDSAETQYF
CAAGNNYAQGLTF,CASSTDSAETLYF
CAAGAIMQQGTGSKLSF,CAWSPDWGVYEQYF
CAAEAVTGGYKVVF,CASSGDLNSGNTLYF
CAAEAGSNYQLIW,CASSFGGEVFF
CAAEAAGGNNKLTF,CASSLTDSYEQYF
CAASAIASSSFSKLVF,CASSQDRRNSYNSPLYF
CAASARNSNNRIFF,CASSLDQGEGNTLYF
CAASPRNTGNYKYVF,CASSDSKNTEVFF
CAASGGVGDNSKLIW,CASSGDRDEQYF
CAASPNSAGNKLTF,CASSLSWDREGTLYF
CAASPNNNNAPRF,CTCSADRINQDTQYF
CAASPKNTGYQNFYF,CASSDHRGTEVFF
CAASNYQLIW,CGARDGGLNTGQLYF
CAASNTGNYKYVF,CASTLGGEVFF
CAASNSNNRIFF,CASSAGQVNTEVFF
CAASNPGDNSKLIW,CASSDDWETLYF
CAASKGSNNRIFF,CASSWGSEVFF
CAASKGSNNRIFF,CASSIGSEQYF
CAASITGNTGKLIF,CASSSHLEVFF
CAASISSGGSNYKLTF,CASSPRKQLYF
CAASFYGSSGNKLIF,CASNTGDGERLFF
CAASASSSFSKLVF,CASGDALETLYF
CAASETSGSWQLIF,CASSRDLGRDTQYF
CAASERGTNTGKLTF,CASGGESAETLYF
CAASENPNTGKLTF,CASSPDSAETLYF
CAASEHLYGSSGNKLIF,CASSTGTTYEQYF
CAASEGSGSWQLIF,CASSAGLDAEQYF
CAASEGGYKLTF,CASRPDISYNSPLYF
CAASEGGNYKYVF,CASSGGNEQYF
CAASDSNNRIFF,CASRDFSQNTLYF
CAASDGTGNYKYVF,CASSPGTTYEQYF
CAASDERSIGGYKVVF,CASRTGATGQLYF
CAASAYTGKLIF,CAWGGTSSAETLYF
CALQGTGSKLSF,CASSLWGDYYEQYF
CALQGTGSKLSF,CASSPGQGYEQYF
CALRSSNTNKVVF,CASSWGGRSSDYTF
CAMRGANSGTYQRF,CASSGGGNTGQLYF
CAMRGSGGSNAKLTF,CASSLWRDTLYF
CAMRGPYGSSGNKLIF,CASKGGGNTGQLYF
CAMRGNSGTYQRF,CASSLKQGRSDYTF
CAMRGNSGTYQRF,CASSLKQGRSDYSF
CAMRGNSGTYQRF,CASSGKQNTSQFTF
CAMRGNSGTYQRF,CASSGGSNTGQLYF
CAMRGNSGTYQRF,CASSGGQNTGQLSF
CAMRGNSGTYQRF,CASSGGPNTGQLYF
CAMRGNSGTYQRF,CASSGGPNTGQLSF
CAMRGNSGGSNYKLTF,CASSLFPTEVFF
CAMRGGGGSNAKLTF,CASSGGANTGQLYF
CAMRETRSGTYQRF,CASSGGSNTGQLYF
CAMRISGGSNAKLTF,CASSGGSNTGQLYF
CAMRESGGSNAKLTF,CASSGGSNTGQLYF
CAMRERNSNNRIFF,CASSDAPTSNERLFF
CAMREPASSGSWQLIF,CASRGGANTGQLYF
CAMRENVGDNSKLIW,CASSQDWGGDTLYF
CAMREKGNSGTYQRF,CASGGDSSAETLYF
CAMREKGNSGTYQRF,CASGGDSAETLYF
CAMREKGNSGTYQRF,CAGTGGAEQYF
CAMREGVGYGSSGNKLIF,CASSGGSNTGQLYF
CAMREGSSSGSWQLIF,CASSEGKEVFF
CAMREGRGGGSNYKLTF,CASSQDLGGRYEQYF
CAMREGLGNNRIFF,CASGDAGSSYEQYF
CAMRISGGSNAKLTF,CASSDHRNTEVFF
CAMRISGGSNAKLTF,CASSMDSAETLYF
CALRYRGSALGRLHF,CARRGTDSAETQYF
CAADTGNYKYVF,CASSTGDYAEQFF
CATDATGNYKYVF,CASSTGINSPLYF
CATDADNNNAPRF,CASSSNSDYTF
CASRTGGYKVVF,CASSPGPSSYEQYF
CASPASSGSWQLIF,CASSAGTGDTEVFF
CARNTGNYKYVF,CASSPGDSYEQYF
CARNTGNYKYVF,CASSMGANTEVFF
CARNTGNYKYVF,CASSIGDTYEQYF
CARGYGSSGNKLIF,CASSDHRNTEVFF
CARGYGSSGNKLIF,CASGGTDSAETLYF
CARGDSNYQLIW,CASSLSQGAYAEQFF
CARDSGTYQRF,CASSIDTGTNTGQLYF
CAPSGTGGYKVVF,CASSSPTEQYF
CAMRLKGNTGKLIF,CASSILGGGAETLYF
CAPHNTNTGKLTF,CASWGDSAETLYF
CAMSETNSAGNKLTF,CASSPGTTNTEVFF
CAMSDGTGGYKVVF,CASSSGTGGYNYAEQFF
CAMSDASSSFSKLVF,CASSIGWGAYEQYF
CAMRWNSGTYQRF,CASSGGANTGQLYF
CAMRVSSNYQLIW,CASRGGANTGQLYF
CAMRVNTGANTGKLTF,CASSQDWGGDTQYF
CAMRSSGGSNAKLTF,CASSLGTGGIQNTLYF
CAMRSSGGSNAKLTF,CASSGGANTGQLYF
CAMRQNSGTYQRF,CASSGGANTGQLYF
CAMRNSGGSNAKLTF,CASSGGSNTGQLYF
CAMREGGYAQGLTF,CTCSAGTGVAEQFF
CAMREGERATGGNNKLTF,CASSGRDSNSDYTF
CAMREATNSAGNKLTF,CASKGGSNTGQLYF
CALSEGNYAQGLTF,CASSPRDSAETLYF
CALSPTGGYKVVF,CASTEGGEQYF
CALSPPLASSSFSKLVF,CASSALGGLDTQYF
CALSPINTGNYKYVF,CASSLPDSQDTQYF
CALSMVSNNRIFF,CASSEPDSAETLYF
CALSMMGGSNAKLTF,CASRVNTGQLYF
CALSHTGNYKYVF,CASSQGGRQYF
CALSGTNTNKVVF,CASSEGGEQYF
CALSGSSGNKLIF,CASSQEDWGSAETLYF
CALSGSNTNKVVF,CASSTGGEQYF
CALSGSNTNKVVF,CASSSGGEQYF
CALSGSGYNKLTF,CASSPGQGYEQYF
CALSEGNYAQGLTF,CASSEGGPYEQYF
CAMREAGTGYQNFYF,CTCSADRENTEVFF
CALSDTGYQNFYF,CASSWGANTEVFF
CALSDRRSNNRIFF,CASSQDSYANTEVFF
CALSDLSSGGSNAKLTF,CTCSAGQGGNQAPLF
CALSDHQGGSAKLIF,CASSPGTGGAETLYF
CALSDGGTGSKLSF,CASSPDRGEQYF
CALSASNTNKVVF,CASSTGAEQFF
CALSASNTNKVVF,CASSGGAEQYF
CALSASNTNKVVF,CASSGGAEQFF
CALRYRGSALGRLHF,CASSWDSAETLYF
CALRYRGSALGRLHF,CASRGTDSAETQYF
CALRYRGSALGRLHF,CASRGTDSAETLYF
CALSRSNTNKVVF,CASSTGDEQYF
CALSRTNAYKVIF,CASSLTDEQYF
CALTEGADRLTF,CASSDARGGGNSDYTF
CALTEGADRLTF,CASSGRDSNSDYTF
CAMRDYGSSGNKLIF,CASGETAGNTLYF
CAMRDSGTYQRF,CASSGGGRTGQLYF
CAMRDPMQQGTGSKLSF,CASRGGGHTGQLYF
CAMRDMNSNNRIFF,CASRGGARTGQLYF
CAMRDHAGYQNFYF,CASSPRLGAYAEQFF
CAMRDFNTGKLTF,CASSRDSAETLYF
CAMRAYGSSGNKLIF,CASKGGANTGQLYF
CAMRAPANYGNEKITF,CASSASNFSNERLFF
CAMRANSGTYQRF,CASSGGGNTGQLYF
CAMRANSGTYQRF,CASSGGANTGQLYF
CAMRANSGTYQKF,CASSGGSNTGQLYF
CAMRAMDSNYQLIW,CASSGGAHTGQLYF
CAMRAAGGSNAKLTF,CASSGGSNTGQLYF
CAMIRSGGSNAKLTF,CAWSPGREVFF
CAMGNMGYKLTF,CASSPGPTNERLFF
CALYTEGADRLTF,CASSERDWGGEQYF
CALYSGGSNYKLTF,CASIGYNYAEQFF
CALWEPNYNQGKLIF,CASSARTANTEVFF
CALWEPMNTGGLSGKLTF,CASSHLQDTQYF
CALWELDTNAYKVIF,CASSGGSNTGQLYF
CALVSGGNYKPTF,CASSWGGAPLF
CALVLYNTNTGKLTF,CSYGTTSAETLYF
CALVGGSNYKLTF,CASSFGTEVFF
CVVQDSNYQLIW,CASSLGLGLIYEQYF
CAALYGNEKITF,CASSDAGGRNTLYF
CAASNYGSSGNKLIF,CTCSAGTGGYNYAEQFF
CAATGGNNKLTF,CASSRLGTSAETLYF
CAATGGNNKLTF,CASSRLGASAETLYF
CAASRYGSSGNKLIF,CTCSAGTGGYNYAEQFF
CAAGQGGSAKLIF,CTCSGGTGGYNYAEQFF
CALGDGTGGYKVVF,CTCSAGTGGYNYAEQFF
CAMSEGTGGYKVVF,CASSPGTGGYNYAEQFF
CAMREDDTNAYKVIF,CASSLRGDNQAPLF
CALVMNYNQGKLIF,CASGEANTEVFF
CAASSYGSSGNKLIF,CTCSAGTGGYNYAEQFF
CATEAQVVGQLTF,CASSRQNSDYTF
CAGTGGNNKLTF,CASSRLGTSAETLYF
CALALYGSSGNKLIF,CTCSAGTGGFNYAEQFF
CAASGSNYNVLYF,CASSRDWNTGQLYF
CAVSANYAQGLTF,CATGTGSSAETLYF
CAASDYGSSGNKLIF,CTCSAGTGGYNYAEQFF
CAVSADTNTGKLTF,CASGDRDWGDEQYF
CAATGGNNKLTF,CASSRLGSSAETLYF
CALSDGTGGYKVVF,CASSAGTGGYNYAEQFF
CALTENYNQGKLIF,CASSDAGGARVFF
CALTNYGSSGNKLIF,CTCSAGTGGYNYAEQFF
CAMTNYGSSGNKLIF,CASSAGTGGYNYAEQFF
CAMTNYGSSGNKLIF,CTCSAGTGGYNYAEQFF
CAMTSYGSSGNKLIF,CATGTGSSAETLYF
CAMTSYGSSGNKLIF,CTCSGGTGGYNYAEQFF
CALTNYGSSGNKLIF,CTCSAGTGGFNYAEQFF
CAPTSSGQKLVF,CASSLTGDYAEQFF
CASDTNTGKLTF,CASSFGTANSDYTF
CASPGTQVVGQLTF,CASSRTGDYAEQFF
CALSSYGSSGNKLIF,CTCSAGTGGYNYAEQFF
CAMSEGTNYNVLYF,CASSAGQGDNYAEQFF
CATAGTQVVGQLTF,CASSLGTGDYAEQFF
CATAGTQVVGQLTF,CASSLTGDYAEQFF
CATAGTQVVGQLTF,CASSLTGGGDYAEQFF
CATDAKTQVVGQLTF,CASSLGSQNTLYF
CALSSYGSSGNKLIF,CATGTGSSAETLYF
CATDAQVVGQLTF,CASSPSTGREQYF
CATDARTQVVGQLTF,CASSLGSQNTLYF
CALSLYGSSGNKLIF,CTCSAGTGGYNYAEQFF
CALSHYGSSGNKLIF,CTCSAGTGGYNYAEQFF
CALTPNYNQGKLIF,CASGDGGTEKYAEQFF
CALVEGSGGYKVVF,CAWSPGTGGYNYAEQFF
CALVETGGYKVVF,CASSPGTGGYNYAEQFF
CALTPNYNQGKLIF,CASSPLTGGAYEQYF
CALVHYGSSGNKLIF,CTCSAGTGGYNYAEQFF
CALVIYGSSGNKLIF,CTCSSGTGGFNYAEQFF
CALTPNYNQGKLIF,CASSSGGSAETLYF
CALWELAGYAQGLTF,CASSSTGRNTQYF
CALWELDSNYQLIW,CASSAGTTEVFF
CALWELSAYKVIF,CTCSAGTGGYNYAEQFF
CAMGTQVVGQLTF,CASSLVGDQNTLYF
CAMRDNTGANTGKLTF,CASSRRERNSPLYF
CAMREANTGKLTF,CASSFRGDNQAPLF
CALTPNYNQGKLIF,CASSEGVTEVFF
CALTPNYNQGKLIF,CASSAGTSEVFF
CAMREDDTNAYKVIF,CASSWRTDYAEQFF
CALTPNYNQGKLIF,CASSEGITEVFF
CAMREDDTNAYKVIF,CATGTGSSAETLYF
CAMRENVNTGNYKYVF,CASSQGGFDYAEQFF
CAMRERNYNQGKLIF,CASSLTNNYAEQFF
CAMREVASSSFSKLVF,CTCSASPERLFF
CAMSDGAGGYKVVF,CASSLATGGYNYAEQFF
CAMSDPGFASALTF,CTCSAGTGGYNYAEQFF
CAMSEGTGGYKVVF,CASSAGTGGYNYAEQFF
CAMSEGTGGYKVVF,CAWSPGTGGYNYAEQFF
CAAANSGTYQRF,CASSSGTGYSDYTF
CATDARTQVVGQLTF,CASSLSGDSDYTF
CAVSAGGSSGNKLIF,CASSENWGYEQYF
CAVSANYAQGLTF,CTCSGGTGGYNYAEQFF
CAVSASYAQGLTF,CASRSGGGGQNTLYF
CAVSFYGSSGNKLIF,CTCSAGTGGYNYAEQFF
CAVSPNSGGGNAKLTF,CASSQTGVEQYF
CAVSPNSGGSNAKLTF,CASSQTGVEQYF
CAVSRYGSSGNKLIF,CTCSGGTGGYNYAEQFF
CAVSSSSFSKLVF,CASSFWGRDQDTQYF
CAVSSYGSSGNKLIF,CTCSAGTGGFNYAEQFF
CAVTGNTGKLIF,CASSRLGSSAETLYF
CGITGNTGKLIF,CASSRLGTSAETLYF
CILRVARQGTGSKLSF,CTCSAGTGGYNYAEQFF
CPTPGTQVVGQLTF,CASSGTGGDYAEQFF
CSAKEASSGSWQLIF,CASSLRGDYAEQFF
CVLGDGTGGYKVVF,CAWSGRTGGYNYAEQFF
CVLGDRAGGYKVVF,CASSPGTGGYNYAEQFF
CVLGDSGGSNAKLTF,CASGDRTGGYNYAEQFF
CVLGDSNYQLIW,CASSFPGKGTGQLYF
CVLGEGTGGYKVVF,CASRQTFNQDTQYF
CVLGIEYYAQGLTF,CASSTGTPNSDYTF
CVLSADTNTGKLTF,CASSLDHGLGGHYAEQFF
CVLSHYGSSGNKLIF,CTCSAGTGGYNYAEQFF
CVLSLYGSSGNKLIF,CTCSAGTGGYNYAEQFF
CVVEDFGGSNAKLTF,CASSGGSAETLYF
CVVEDSGGSNAKLTF,CASSGGSAETLYF
CVVGENYGSSGNKLIF,CASSEGQGEVFF
CAVSANYAQGLTF,CASSLVGDYEQYF
CAVRPYQGGRALIF,CASSRDWNTGQLYF
CATDEAQVVGQLTF,CASSPGQGVSNERLFF
CAVRDRGSALGRLHF,CASSSWGNQDTQYF
CATDGTQVVGQLTF,CASSTGGGSDYTF
CALSGGTGGYKVVF,CASSSGFNYAEQFF
CATDNTGYQNFYF,CASNFRGDYAEQFF
CATETQVVGQLTF,CASSAGGENTLYF
CATETQVVGQLTF,CASSLAKNSDYTF
CATETQVVGQLTF,CASSLGSAETLYF
CATETQVVGQLTF,CASSLSGNSDYTF
CATETQVVGQLTF,CASSPGGQNTLYF
CATETQVVGQLTF,CASSPGSGNTLYF
CATGDNYAQGLTF,CASSDWTSQAPLF
CATGSTGNYKYVF,CASSPGTGGDTEVFF
CATGTQVVGQLTF,CASSLVGDYEQYF
CATPGTQVVGQLTF,CASSLPGDYAEQFF
CATPGTQVVGQLTF,CASSLVLGDAETLYF
CATPRTQVVGQLTF,CASSLLGGDAETLYF
CATPSNTNTGKLTF,CASSLLGDYAEQFF
CATPTQVVGQLTF,CASSPSNQDTQYF
CATSRYKSSDNKLIF,CTCSAGTGGYNYAEQFF
CATSTQVVGQLTF,CASSLGGQDTQYF
CAVGGSNAKLTF,CASSPLGSSAETLYF
CAVGNSGTYQRF,CASSTTSQNTLYF
CAVGTGGYKVVF,CASSETGDEQYF
CAVITGNTGKLIF,CASSGLGTSAETLYF
CAVKGNSAGNKLTF,CASSYRGDYAEQFF
CAVLTGGYKVVF,CASSAGTSEVFF
CALSGTGGNNKLTF,CASSRNWGEKDTQYF
CALSDRDYAQGLTF,CASSLDWGGVNQDTQYF
CALSGGNKVVF,CASSDAQWTNTEVFF
CAASGSNTGKLTF,CASSGLGGSAETLYF
CAASENYGSSGNKLIF,CTCSAGTGGYNYAEQFF
CAASENYNQGKLIF,CASSLDRNTGQLYF
CAASENYNQGKLIF,CASSQDRNTGQLYF
CAASENYNQGKLIF,CASSVDRFNQDTQYF
CAASENYNQGKLIF,CASSWDRNTGQLYF
CAASEPNSAGNKLTF,CASSPGTGDYAEQFF
CAASESGSWQLIF,CASRDNNQDTQYF
CAASESSSFSKLVF,CASSKFANTEVFF
CAASGAGGYKVVF,CASSPGTGGYNYAEQFF
CAASGGGSSGNKLIF,CASSRLGVSAETLYF
CAASGGSNAKLTF,CASSRDWGGQDTQYF
CAASGSSSFSKLVF,CASSLVGQDTQYF
CAASEGSALGRLHF,CASSIRNYAEQFF
CAASGTNTGKLTF,CASSSLGSSAETLYF
CAASGYGNEKITF,CASSDEGASYEQYF
CAASKYGSSGNKLIF,CTCSAGTGGYNYAEQFF
CAASMDSNYQLIW,CASSQGPDYTF
CAASMSGYNKLTF,CASSRDQNTGQLYF
CAASNGDSNYQLIW,CGASWGVEQYF
CAASNYGSSGNKFIF,CTCSAGTGGYNYAEQFF
CAASNYGSSGNKLIF,CTCSAGTGGYKYAEQFF
CAASQGGSAKLIF,CASSGLGSSAETLYF
CAASQGGSAKLIF,CASSPLGSSAETLYF
CAASQYGSSGNKLIF,CTCSAGTGGYNYAEQFF
CAASEHGRNSGTYQRF,CASSRDQNTGQLYF
CAASEDYNQGKLIF,CASSINRGNTLYF
CALSENYNQGKLIF,CASSPWGGQGGGNTLYF
CAAPLSNTNKVVF,CASSPSQNTLYF
CAAAQGGSAKLIF,CTCSAGTGGYNYAEQFF
CAAGESSSFSKLVF,CASSRFANTEVFF
CAAGQGGSAKLIF,CTCSAGTGGYNYAEQFF
CAAILYGSSGNKLIF,CTCSAGTGGYNYAEQFF
CAAKRPSSFSKLVF,CASSLTGDAEQFF
CAALDSNYQLIW,CASSPGSSDYTF
CAALNNVGDNSKLIW,CASGDKYAEQFF
CAALTGNTGKLIF,CASSPLGSSAETLYF
CAAMATGGNNKLTF,CASSRDWGYQDTQYF
CAANQGGSAKLIF,CASSGLGTSAETLYF
CAANQGGSAKLIF,CTCSAGTGGYNYAEQFF
CAAPQGGSAKLIF,CASSEENTEVFF
CAASDTNTGKLTF,CASSPLGTSAETLYF
CAARFYGSSGNKLIF,CTCSTGTGGFNYAEQFF
CAARFYGSSGNKLIF,CTCSTGTGGFNYGEQFF
CAASAELTGNTGKLIF,CASSQDGSQNTLYF
CAASAGNTGKLIF,CASSPLGSSAETLYF
CAASASSSFSKLVF,CASSASGRAEQFF
CAASASSSFSKLVF,CASSLTGKDTQYF
CAASATNTGKLTF,CASSGLGGSAETLYF
CAASATSSGQKLVF,CASSWDRGREQYF
CAASAWDTGYQNFYF,CTCSADRVNTEVFF
CAASAWGGSNAKLTF,CASSGTGVGNTLYF
CAASDDYNQGKLIF,CASSFDRGDTQYF
CAASRAGGYKVVF,CASSRDNWSDYTF
CAASRDNRIFF,CASSRGWGGPENTLYF
CAASRYGSSGNKLIF,CSSSQSARGRGQNTLYF
CALSDGGGSNYKLTF,CTCSADEGFYAEQFF
CALGPPMSNAKLTF,CASSRLGASAETLYF
CALIMNYNQGKLIF,CASSGTGGYTEVFF
CALIPNYNQGKLIF,CASGDRGDTEVFF
CALIPNYNQGKLIF,CASSQDKGQANTEVFF
CALPGTQVVGQLTF,CASSLGTGDTGQLYF
CALRDRGSALGRLHF,CASSLRGDNQAPLF
CALRENYNQGKLIF,CASSGGSAETLYF
CALRGDSGGSNAKLTF,CASSPRTGGYNYAEQFF
CALRMNYNQGKLIF,CASSGGSAETLYF
CALRVITGNTGKLIF,CASRYRGDNQAPLF
CALSDDPDSGGSNYKLTF,CASSDADWGTYAEQFF
CALSDGTGGYKVVF,CASSPGTGGYNYAEQFF
CAASSSGSWQLIF,CASSPTGVAEQFF
CALSDHDTNAYKVIF,CASSLGGGSQNTLYF
CALSDQPTNAYKVIF,CASSPGTGGYNYAEQFF
CALSDRDMGYKLTF,CASGDPGGNQDTQYF
CALSDRDMGYKLTF,CASGETSQNTLYF
CALSDRDSNYQLIW,CASSWKGDNSPLYF
CALSDRDTNTGKLTF,CASSYRGDYAEQFF
CAAANYGSSGNKLIF,CTCSTGTGGYNYAEQFF
CALSDRQGGSAKLIF,CASSFRGDNQAPLF
CALSDVGGYSNNKLTF,CASSIPRVYNSPLYF
CALSDYGSSGNKLIF,CTCSAGTGGYNYAEQFF
CALSEGTGGYKVVF,CASSPGTGGYNYAEQFF
CALGPNYRNEKITF,CASSLTLQDTQYF
CALGPNYGNEKITF,CASSLTLQDTQYF
CALGIYGSSGNKLIF,CTCSGGTGGYNYAEQFF
CALGITGNTGKLIF,CASSFRGDYAEQFF
CAASTGNTGKLIF,CASSPLGSSAETLYF
CAASTYGSSGNKLIF,CTCSAGTGGYNYAEQFF
CAATGGNNKLTF,CASSSWGVSAETLYF
CAATGGNNKLTF,CASSTLGTSAETLYF
CAATGGSNAKLTF,CASSRMGASAETLYF
CAATLATGGNNKLTF,CASSPGTGGYNYAEQFF
CAFFMNYNQGKLIF,CASSAGTTEVFF
CAGTGGNNKLTF,CASSPLGSSAETLYF
CAIELYNQGKLIF,CASSQDRGNTLYF
CAKTTASLGKLQF,CASSPQETGQLYF
CALAGTGGYKVVF,CASSPGTGGYNYAEQFF
CALALYGSSGNKLIF,CTCSSGTGGFNYAEQFF
CALGDGTGGYKVVF,CASSAGTGGFNYAEQFF
CALGDGTGGYKVVF,CASSGGTGGFNYAEQFF
CALGDGTGGYKVVF,CASSIRTGGYNYAEQFF
CALGDRSNMGYKLTF,CASRNRGDYAEQFF
CALGEGNNRIFF,CASSQDRGNTLYF
CALGEGTGGYKVVF,CASSAGTGGYNYAEQFF
CALGEGTGGYKVVF,CASSPGTGGYNYAEQFF
CALGEGYNQGKLIF,CASRTDNNQAPLF
CALGEGYNQGKLIF,CASSAGTTEVFF
CALGEGYNQGKLIF,CASSPRTGGANQDTQYF
CALGGSSGSWQLIF,CTCSAGTGGFNYAEQFF
CVVGLNYGSSGNKLIF,CTCSAGTGGFNYAEQFF
CAAEPSSGQKLVF,CASSLNNANSDYTF
CAALRATGGNNKLTF,CASSLNWSQDTQYF
CAVSGFASALTF,CASGGGGTLYF
CAMRGDYGGSGNKLIF,CTCSADRVGNTLYF
CAAEPSSGQKLVF,CASSLNNANSDYTF
CAALYGNEKITF,CASSDAGGRNTLYF
CAVSDPPPLLTF,CASGGGGTLYF
CALVISNTNKVVF,CASIDSSGNTLYF
CALSENYGNEKITF,CASGDASGGNTLYF
CALSENYGNEKITF,CASGDASGAETLYF
CAGIDTGANTGKLTF,CASGDFWGDTLYF
CAASVTGANTGKLTF,CASGDFWGDTLYF
CAASRRGSGGSNYKLTF,CASGGLGGDEQYF
CAASKGADRLTF,CASGDFWGDTLYF
CAASETGANTGKLTF,CASGDFWGDTLYF
CAASDTGANTGKLTF,CASGDFWGDTLYF
CAASDNRIFF,CASGDAWGYEQYF
CAASATGANTGKLTF,CASGDFWGDTLYF
CAASANSGTYQRF,CASGDAGGGYEQYF
CAARYQGGRALIF,CTCSAAPDWGASAETLYF
CAANSGTYQRF,CASGDFWGDTLYF
CAVSLERPYLTF,CASGGGGTLYF
CATVYAQGLTF,CASSDWGDTGQLYF
CAANSGTYQRF,CASGDFWGDTLYF
CAVSGFASALTF,CASGGGGTLYF
CAVSAKGTGSKLSF,CASSDAPGQLYF
CAALRATGGNNKLTF,CASSLNWSQDTQYF
CAASKGADRLTF,CASGDFWGDTLYF
CAVSGFASALTF,CASGGGGTLYF
CAVSHQGRYLTF,CASGGGGTLYF
CAMRGDYGGSGNKLIF,CTCSADRVGNTLYF
